policy_id,customer_id,policy_start_date,policy_type,policy_region
POL000001,CUST00681,2021-10-10,Auto,Florida
POL000002,CUST00815,2025-04-27,Life,Arizona
POL000003,CUST00845,2025-01-14,Health,California
POL000004,CUST00849,2023-06-23,Home,Illinois
POL000005,CUST00580,2022-02-14,Health,Illinois
POL000006,CUST00916,2026-04-09,Auto,New York
POL000007,CUST00102,2021-11-07,Life,California
POL000008,CUST00017,2021-09-25,Home,Georgia
POL000009,CUST00452,2024-02-22,Home,New York
POL000010,CUST00706,2021-08-06,Health,Arizona
POL000011,CUST00163,2021-08-17,Health,Illinois
POL000012,CUST00096,2025-02-20,Auto,New York
POL000013,CUST00381,2022-11-27,Home,Ohio
POL000014,CUST00054,2024-10-30,Home,Texas
POL000015,CUST00440,2022-08-06,Auto,Georgia
POL000016,CUST00002,2026-02-08,Home,New York
POL000017,CUST00608,2022-09-24,Life,Arizona
POL000018,CUST00010,2021-12-17,Auto,Florida
POL000019,CUST00881,2025-10-20,Life,Texas
POL000020,CUST00073,2026-01-16,Auto,Arizona
POL000021,CUST00106,2021-08-08,Health,Georgia
POL000022,CUST00141,2021-12-25,Home,Florida
POL000023,CUST00657,2025-09-28,Auto,Arizona
POL000024,CUST00544,2023-02-14,Home,Georgia
POL000025,CUST00451,2025-05-07,Home,California
POL000026,CUST00942,2022-09-10,Life,Arizona
POL000027,CUST00881,2025-12-24,Home,Texas
POL000028,CUST00771,2022-06-13,Life,Georgia
POL000029,CUST00360,2024-10-11,Home,Illinois
POL000030,CUST00254,2026-01-26,Home,Florida
POL000031,CUST00567,2022-07-02,Health,Georgia
POL000032,CUST00798,2026-05-24,Health,Illinois
POL000033,CUST00211,2023-09-08,Home,New York
POL000034,CUST00766,2022-12-02,Auto,Ohio
POL000035,CUST00803,2025-03-14,Life,Ohio
POL000036,CUST00396,2023-09-28,Auto,New York
POL000037,CUST00541,2026-06-23,Health,Florida
POL000038,CUST00957,2024-05-16,Life,New York
POL000039,CUST00375,2025-07-29,Life,Texas
POL000040,CUST00978,2026-02-18,Auto,New York
POL000041,CUST00602,2025-01-27,Home,Florida
POL000042,CUST00041,2022-02-12,Life,Illinois
POL000043,CUST00519,2022-07-19,Life,Georgia
POL000044,CUST00434,2026-01-30,Home,Texas
POL000045,CUST00285,2026-02-06,Home,Illinois
POL000046,CUST00998,2023-07-15,Health,Arizona
POL000047,CUST00401,2022-04-06,Auto,California
POL000048,CUST00318,2022-06-14,Home,Georgia
POL000049,CUST00060,2024-02-09,Auto,Arizona
POL000050,CUST00465,2026-03-27,Health,New York
POL000051,CUST00683,2022-05-23,Home,Arizona
POL000052,CUST00123,2022-08-11,Auto,Florida
POL000053,CUST00168,2024-08-06,Health,New York
POL000054,CUST00171,2022-05-04,Health,Arizona
POL000055,CUST00751,2022-03-21,Auto,Illinois
POL000056,CUST00344,2025-01-06,Auto,California
POL000057,CUST00270,2023-04-24,Auto,Texas
POL000058,CUST00509,2024-07-10,Auto,Georgia
POL000059,CUST00512,2025-08-10,Health,Illinois
POL000060,CUST00162,2025-12-19,Auto,Texas
POL000061,CUST00234,2026-07-12,Auto,Georgia
POL000062,CUST00880,2025-03-04,Auto,Ohio
POL000063,CUST00484,2025-09-13,Home,New York
POL000064,CUST00954,2026-05-06,Life,Arizona
POL000065,CUST00230,2024-03-17,Health,Ohio
POL000066,CUST00278,2023-05-04,Health,Illinois
POL000067,CUST00123,2026-04-01,Home,California
POL000068,CUST00229,2026-04-14,Life,New York
POL000069,CUST00071,2021-09-08,Health,Texas
POL000070,CUST00793,2024-09-15,Auto,Florida
POL000071,CUST00567,2024-06-22,Home,Georgia
POL000072,CUST00299,2024-11-02,Home,California
POL000073,CUST00476,2023-10-11,Home,Florida
POL000074,CUST00751,2022-04-12,Home,Illinois
POL000075,CUST00155,2026-05-30,Home,New York
POL000076,CUST00555,2021-11-01,Auto,Ohio
POL000077,CUST00974,2022-04-15,Life,Arizona
POL000078,CUST00870,2024-10-26,Auto,New York
POL000079,CUST00211,2025-03-17,Life,New York
POL000080,CUST00504,2025-09-29,Health,Texas
POL000081,CUST00096,2025-03-30,Life,New York
POL000082,CUST00718,2023-12-22,Auto,California
POL000083,CUST00595,2025-10-17,Life,Illinois
POL000084,CUST00077,2026-03-12,Life,Arizona
POL000085,CUST00679,2025-03-20,Health,Arizona
POL000086,CUST00268,2022-01-19,Life,Illinois
POL000087,CUST00718,2024-09-17,Health,California
POL000088,CUST00464,2026-02-15,Home,California
POL000089,CUST00140,2023-04-07,Auto,California
POL000090,CUST00160,2024-01-09,Life,Florida
POL000091,CUST00322,2023-07-16,Health,Arizona
POL000092,CUST00988,2024-01-04,Health,Illinois
POL000093,CUST00475,2025-11-14,Auto,Ohio
POL000094,CUST00162,2024-11-01,Auto,Texas
POL000095,CUST00221,2024-09-14,Home,Georgia
POL000096,CUST00094,2024-07-19,Life,Texas
POL000097,CUST00526,2024-11-12,Health,Florida
POL000098,CUST00840,2026-05-15,Life,Arizona
POL000099,CUST00876,2022-05-07,Home,Texas
POL000100,CUST00097,2022-01-13,Home,Texas
POL000101,CUST00125,2022-03-01,Home,Arizona
POL000102,CUST00134,2024-04-18,Health,Arizona
POL000103,CUST00703,2022-12-05,Auto,New York
POL000104,CUST00597,2021-12-26,Auto,Georgia
POL000105,CUST00023,2025-06-08,Life,New York
POL000106,CUST00829,2021-10-16,Health,Georgia
POL000107,CUST00126,2023-12-16,Auto,Georgia
POL000108,CUST00173,2024-02-11,Life,Arizona
POL000109,CUST00509,2024-02-25,Home,Ohio
POL000110,CUST00363,2025-06-29,Health,New York
POL000111,CUST00287,2025-09-16,Auto,Ohio
POL000112,CUST00629,2025-03-01,Health,California
POL000113,CUST00511,2023-06-16,Life,Texas
POL000114,CUST00063,2024-05-24,Home,New York
POL000115,CUST00430,2021-08-01,Home,Texas
POL000116,CUST00646,2023-06-30,Auto,Georgia
POL000117,CUST00392,2024-07-12,Life,Ohio
POL000118,CUST00558,2024-08-12,Health,Arizona
POL000119,CUST00398,2026-05-25,Health,Georgia
POL000120,CUST00612,2021-12-30,Health,Florida
POL000121,CUST00060,2023-11-24,Health,Arizona
POL000122,CUST00786,2025-03-28,Home,California
POL000123,CUST00103,2025-03-11,Health,Texas
POL000124,CUST00547,2022-05-30,Auto,Texas
POL000125,CUST00783,2025-04-24,Life,New York
POL000126,CUST00364,2021-10-20,Home,Illinois
POL000127,CUST00181,2024-10-04,Health,Illinois
POL000128,CUST00936,2022-08-07,Health,Georgia
POL000129,CUST00971,2025-09-29,Home,Illinois
POL000130,CUST00857,2021-08-07,Life,Ohio
POL000131,CUST00556,2023-10-17,Auto,New York
POL000132,CUST00093,2023-03-03,Home,Texas
POL000133,CUST00021,2026-07-16,Health,Arizona
POL000134,CUST00940,2022-01-08,Home,New York
POL000135,CUST00349,2022-01-16,Health,New York
POL000136,CUST00061,2022-08-04,Home,Georgia
POL000137,CUST00793,2023-08-05,Health,Florida
POL000138,CUST00984,2022-08-05,Life,New York
POL000139,CUST00601,2024-11-06,Health,Georgia
POL000140,CUST00140,2022-06-09,Life,California
POL000141,CUST00811,2023-10-24,Health,Texas
POL000142,CUST00179,2023-05-24,Health,Arizona
POL000143,CUST00229,2021-12-22,Home,New York
POL000144,CUST00388,2022-09-06,Health,Arizona
POL000145,CUST00131,2026-07-14,Life,Illinois
POL000146,CUST00872,2023-05-12,Auto,Georgia
POL000147,CUST00187,2022-01-03,Home,Ohio
POL000148,CUST00655,2023-10-05,Home,Georgia
POL000149,CUST00340,2025-03-17,Health,New York
POL000150,CUST00328,2021-07-30,Auto,Ohio
POL000151,CUST00842,2022-12-17,Health,California
POL000152,CUST00458,2025-02-21,Auto,Texas
POL000153,CUST00359,2025-12-08,Auto,Illinois
POL000154,CUST00050,2022-06-08,Life,California
POL000155,CUST00993,2024-03-22,Life,Ohio
POL000156,CUST00903,2023-06-25,Life,Georgia
POL000157,CUST00104,2022-02-13,Home,Illinois
POL000158,CUST00167,2022-01-23,Auto,Ohio
POL000159,CUST00302,2025-12-15,Auto,New York
POL000160,CUST00351,2024-06-09,Home,Arizona
POL000161,CUST00750,2026-01-08,Health,Ohio
POL000162,CUST00609,2023-11-02,Auto,Texas
POL000163,CUST00442,2025-08-14,Life,New York
POL000164,CUST00161,2024-09-07,Home,Illinois
POL000165,CUST00998,2022-08-20,Health,Arizona
POL000166,CUST00677,2025-03-18,Auto,California
POL000167,CUST00051,2023-06-18,Life,Arizona
POL000168,CUST00158,2026-07-10,Life,Arizona
POL000169,CUST00090,2022-10-31,Life,California
POL000170,CUST00205,2025-05-20,Home,Arizona
POL000171,CUST00654,2026-01-31,Life,Ohio
POL000172,CUST00865,2022-02-21,Life,Florida
POL000173,CUST00483,2022-11-02,Health,Texas
POL000174,CUST00094,2024-05-15,Home,Texas
POL000175,CUST00380,2024-06-21,Home,Arizona
POL000176,CUST00457,2024-01-29,Life,Texas
POL000177,CUST00270,2025-01-13,Auto,Texas
POL000178,CUST00155,2022-10-20,Auto,Illinois
POL000179,CUST00088,2022-01-04,Life,Arizona
POL000180,CUST00995,2025-04-08,Auto,Ohio
POL000181,CUST00861,2023-08-12,Life,Illinois
POL000182,CUST00989,2021-09-06,Life,Texas
POL000183,CUST00587,2023-11-15,Health,Ohio
POL000184,CUST00081,2021-10-03,Auto,California
POL000185,CUST00515,2023-08-24,Home,Florida
POL000186,CUST00124,2024-01-10,Home,California
POL000187,CUST00972,2025-05-10,Home,New York
POL000188,CUST00130,2026-02-07,Life,Ohio
POL000189,CUST00207,2023-01-10,Home,California
POL000190,CUST00855,2024-10-01,Auto,California
POL000191,CUST00090,2024-04-25,Health,California
POL000192,CUST00878,2023-12-22,Auto,Texas
POL000193,CUST00806,2023-04-01,Life,Arizona
POL000194,CUST00116,2025-09-17,Auto,Illinois
POL000195,CUST00948,2022-03-04,Auto,Texas
POL000196,CUST00805,2023-07-17,Health,Illinois
POL000197,CUST00899,2024-05-24,Life,Arizona
POL000198,CUST00586,2026-05-02,Home,Illinois
POL000199,CUST00283,2023-01-28,Life,Arizona
POL000200,CUST00040,2021-08-12,Health,Ohio
POL000201,CUST00708,2022-05-12,Life,Illinois
POL000202,CUST00943,2024-06-15,Auto,Florida
POL000203,CUST00346,2024-11-04,Health,New York
POL000204,CUST00288,2021-09-24,Auto,Illinois
POL000205,CUST00996,2025-10-15,Health,Texas
POL000206,CUST00998,2022-03-15,Health,Arizona
POL000207,CUST00276,2023-02-25,Auto,Illinois
POL000208,CUST00193,2021-12-03,Life,Ohio
POL000209,CUST00759,2023-08-25,Health,California
POL000210,CUST00841,2022-02-08,Home,Arizona
POL000211,CUST00068,2023-09-14,Life,New York
POL000212,CUST00139,2023-08-09,Auto,Ohio
POL000213,CUST00178,2021-11-15,Home,Illinois
POL000214,CUST00858,2026-05-11,Life,Texas
POL000215,CUST00052,2022-08-04,Home,Georgia
POL000216,CUST00281,2023-12-10,Life,Texas
POL000217,CUST00651,2022-09-21,Auto,Texas
POL000218,CUST00248,2023-03-19,Life,Georgia
POL000219,CUST00182,2023-11-19,Health,Georgia
POL000220,CUST00353,2025-02-03,Auto,Texas
POL000221,CUST00292,2025-08-18,Home,California
POL000222,CUST00878,2025-04-12,Home,Texas
POL000223,CUST00276,2023-08-31,Auto,Illinois
POL000224,CUST00886,2022-03-29,Auto,Ohio
POL000225,CUST00486,2022-11-30,Home,New York
POL000226,CUST00616,2025-04-15,Health,Illinois
POL000227,CUST00623,2024-10-30,Health,Ohio
POL000228,CUST00434,2021-10-07,Health,Texas
POL000229,CUST00471,2023-12-05,Health,California
POL000230,CUST00694,2023-01-17,Life,Georgia
POL000231,CUST00599,2023-09-04,Health,California
POL000232,CUST00575,2023-02-16,Health,California
POL000233,CUST00306,2023-11-04,Auto,New York
POL000234,CUST00345,2022-12-14,Health,Georgia
POL000235,CUST00883,2022-11-12,Health,Illinois
POL000236,CUST00193,2022-04-02,Home,Ohio
POL000237,CUST00922,2021-09-26,Life,Texas
POL000238,CUST00677,2025-10-04,Auto,California
POL000239,CUST00672,2024-11-19,Health,Texas
POL000240,CUST00929,2024-05-13,Auto,Florida
POL000241,CUST00598,2023-05-03,Home,California
POL000242,CUST00352,2025-04-18,Life,Arizona
POL000243,CUST00929,2024-07-13,Health,Florida
POL000244,CUST00866,2022-11-09,Home,Ohio
POL000245,CUST00301,2025-10-28,Health,Texas
POL000246,CUST00743,2022-04-07,Home,Georgia
POL000247,CUST00970,2024-08-29,Auto,California
POL000248,CUST00228,2022-05-15,Health,Texas
POL000249,CUST00431,2024-09-07,Health,Georgia
POL000250,CUST00267,2023-12-11,Auto,Ohio
POL000251,CUST00482,2022-12-26,Auto,Florida
POL000252,CUST00484,2023-09-27,Auto,New York
POL000253,CUST00889,2023-07-28,Health,California
POL000254,CUST00424,2021-10-02,Home,Ohio
POL000255,CUST00141,2024-08-15,Life,Florida
POL000256,CUST00584,2023-12-23,Home,Florida
POL000257,CUST00324,2025-07-13,Auto,Arizona
POL000258,CUST00500,2025-07-20,Health,Arizona
POL000259,CUST00650,2024-01-04,Health,Georgia
POL000260,CUST00215,2025-08-06,Home,
POL000261,CUST00502,2022-03-04,Auto,Florida
POL000262,CUST00133,2022-12-28,Life,Arizona
POL000263,CUST00414,2023-11-13,Life,Arizona
POL000264,CUST00005,2025-06-04,Health,Texas
POL000265,CUST00973,2022-04-19,Home,New York
POL000266,CUST00019,2023-01-11,Home,Illinois
POL000267,CUST00232,2024-08-11,Health,Florida
POL000268,CUST00133,2023-09-21,Health,Arizona
POL000269,CUST00172,2026-04-15,Health,Texas
POL000270,CUST00972,2022-06-18,Health,New York
POL000271,CUST00445,2025-10-16,Health,New York
POL000272,CUST00924,2022-05-03,Home,Ohio
POL000273,CUST00169,2021-12-28,Life,Texas
POL000274,CUST00020,2022-06-19,Home,Texas
POL000275,CUST00217,2023-03-28,Home,Texas
POL000276,CUST00127,2022-11-23,Auto,Florida
POL000277,CUST00385,2025-02-09,Auto,Arizona
POL000278,CUST00609,2022-10-31,Auto,Texas
POL000279,CUST00670,2026-04-10,Auto,Texas
POL000280,CUST00427,2025-11-06,Health,New York
POL000281,CUST00486,2025-05-23,Auto,New York
POL000282,CUST00309,2025-12-23,Health,Florida
POL000283,CUST00638,2025-10-10,Life,Texas
POL000284,CUST00851,2023-09-04,Auto,Arizona
POL000285,CUST00290,2025-12-12,Life,Illinois
POL000286,CUST00204,2022-03-07,Health,Illinois
POL000287,CUST00852,2025-05-30,Health,New York
POL000288,CUST00721,2025-08-23,Auto,California
POL000289,CUST00562,2025-05-18,Life,Georgia
POL000290,CUST00339,2026-06-21,Auto,New York
POL000291,CUST00929,2023-04-29,Life,Florida
POL000292,CUST00153,2022-03-04,Auto,Florida
POL000293,CUST00741,2025-02-08,Home,Texas
POL000294,CUST00468,2024-11-18,Health,Ohio
POL000295,CUST00476,2021-12-25,Home,Florida
POL000296,CUST00896,2024-11-29,Health,Ohio
POL000297,CUST00821,2024-02-26,Auto,Georgia
POL000298,CUST00098,2021-07-20,Auto,Georgia
POL000299,CUST00010,2022-10-28,Home,Georgia
POL000300,CUST00337,2024-02-02,Health,Ohio
POL000301,CUST00900,2024-06-14,Health,Arizona
POL000302,CUST00188,2024-04-19,Life,Ohio
POL000303,CUST00279,2022-09-04,Life,Ohio
POL000304,CUST00820,2021-07-29,Home,Illinois
POL000305,CUST00116,2022-06-21,Auto,Illinois
POL000306,CUST00966,2025-12-17,Life,Florida
POL000307,CUST00934,2022-01-16,Life,Arizona
POL000308,CUST00186,2022-03-05,Health,Ohio
POL000309,CUST00627,2021-08-10,Home,Ohio
POL000310,CUST00495,2025-11-28,Life,Georgia
POL000311,CUST00452,2025-01-28,Health,New York
POL000312,CUST00013,2022-09-28,Home,Texas
POL000313,CUST00979,2024-08-24,Auto,New York
POL000314,CUST00444,2025-02-23,Life,Texas
POL000315,CUST00355,2022-12-12,Life,Illinois
POL000316,CUST00153,2023-05-31,Auto,Florida
POL000317,CUST00012,2025-08-30,Life,Texas
POL000318,CUST00873,2025-08-13,Auto,Arizona
POL000319,CUST00770,2025-03-11,Health,Texas
POL000320,CUST00994,2023-09-13,Home,Illinois
POL000321,CUST00564,2024-04-13,Home,Georgia
POL000322,CUST00081,2022-01-19,Life,California
POL000323,CUST00091,2024-01-14,Health,California
POL000324,CUST00122,2022-05-13,Auto,Florida
POL000325,CUST00106,2026-05-05,Auto,Georgia
POL000326,CUST00846,2023-02-26,Health,Florida
POL000327,CUST00912,2025-05-20,Life,California
POL000328,CUST00974,2021-11-30,Auto,Arizona
POL000329,CUST00837,2023-12-30,Health,Ohio
POL000330,CUST00574,2023-03-07,Life,Florida
POL000331,CUST00734,2022-07-12,Life,Arizona
POL000332,CUST00117,2022-11-06,Home,Georgia
POL000333,CUST00003,2021-11-21,Health,Texas
POL000334,CUST00561,2022-08-10,Auto,Illinois
POL000335,CUST00047,2023-10-13,Home,Illinois
POL000336,CUST00842,2022-07-01,Life,California
POL000337,CUST00110,2025-06-11,Home,Illinois
POL000338,CUST00124,2024-05-04,Home,California
POL000339,CUST00469,2025-06-22,Health,Ohio
POL000340,CUST00111,2026-04-13,Auto,Florida
POL000341,CUST00791,2023-12-24,Home,Ohio
POL000342,CUST00987,2023-07-27,Auto,Georgia
POL000343,CUST00567,2021-11-03,Life,Georgia
POL000344,CUST00947,2025-07-20,Home,New York
POL000345,CUST00749,2025-12-17,Life,Arizona
POL000346,CUST00674,2021-08-05,Health,Georgia
POL000347,CUST00517,2024-03-12,Home,Georgia
POL000348,CUST00281,2024-08-14,Health,Texas
POL000349,CUST00464,2025-10-08,Life,California
POL000350,CUST00617,2022-05-07,Health,Florida
POL000351,CUST00864,2021-09-19,Health,Ohio
POL000352,CUST00729,2023-06-10,Home,Arizona
POL000353,CUST00206,2022-07-15,Health,Georgia
POL000354,CUST00704,2022-10-09,Home,Illinois
POL000355,CUST00728,2025-07-18,Health,California
POL000356,CUST00728,2024-07-26,Life,California
POL000357,CUST00597,2022-10-20,Life,Georgia
POL000358,CUST00691,2021-10-28,Health,Florida
POL000359,CUST00899,2022-01-04,Auto,Arizona
POL000360,CUST00536,2024-05-28,Home,Ohio
POL000361,CUST00055,2025-06-03,Health,Texas
POL000362,CUST00769,2024-12-08,Health,California
POL000363,CUST00150,2022-09-02,Health,Texas
POL000364,CUST00209,2026-05-12,Health,Florida
POL000365,CUST00834,2023-02-02,Home,Arizona
POL000366,CUST00761,2024-05-12,Home,Florida
POL000367,CUST00524,2022-01-24,Health,Texas
POL000368,CUST00710,2024-05-27,Life,Florida
POL000369,CUST00427,2022-09-13,Health,New York
POL000370,CUST00990,2026-06-21,Health,California
POL000371,CUST00208,2022-03-01,Life,New York
POL000372,CUST00850,2022-12-28,Health,Texas
POL000373,CUST00774,2022-05-27,Home,Florida
POL000374,CUST00795,2025-06-16,Health,Georgia
POL000375,CUST00460,2022-09-18,Auto,Texas
POL000376,CUST00192,2022-06-03,Auto,Arizona
POL000377,CUST00387,2024-12-23,Health,California
POL000378,CUST00134,2021-10-19,Health,Arizona
POL000379,CUST00006,2022-07-25,Home,California
POL000380,CUST00041,2024-09-25,Auto,Illinois
POL000381,CUST00793,2023-02-03,Health,Florida
POL000382,CUST00503,2023-06-17,Health,Texas
POL000383,CUST00075,2024-10-05,Home,Georgia
POL000384,CUST00980,2026-02-28,Home,Arizona
POL000385,CUST00426,2024-04-12,Auto,Ohio
POL000386,CUST00358,2025-05-07,Health,Georgia
POL000387,CUST00340,2025-04-26,Life,New York
POL000388,CUST00575,2022-11-26,Auto,California
POL000389,CUST00118,2024-01-17,Home,Illinois
POL000390,CUST00927,2023-01-22,Home,New York
POL000391,CUST00982,2021-07-30,Health,New York
POL000392,CUST00391,2025-11-27,Life,Ohio
POL000393,CUST00263,2024-12-15,Auto,California
POL000394,CUST00934,2022-03-23,Health,Arizona
POL000395,CUST00527,2024-01-17,Life,Florida
POL000396,CUST00045,2022-11-21,Home,California
POL000397,CUST00329,2026-01-02,Home,Arizona
POL000398,CUST00995,2023-07-12,Auto,Ohio
POL000399,CUST00642,2022-10-14,Home,Ohio
POL000400,CUST00886,2021-11-09,Auto,Ohio
POL000401,CUST00211,2022-08-08,Life,New York
POL000402,CUST00663,2026-02-20,Home,Arizona
POL000403,CUST00025,2024-09-06,Auto,New York
POL000404,CUST00090,2025-07-18,Health,California
POL000405,CUST00572,2021-12-08,Home,Florida
POL000406,CUST00933,2024-05-14,Life,Georgia
POL000407,CUST00646,2024-10-08,Auto,Georgia
POL000408,CUST00399,2023-07-18,Auto,Illinois
POL000409,CUST00657,2026-03-10,Auto,Arizona
POL000410,CUST00718,2024-07-15,Auto,California
POL000411,CUST00297,2024-11-07,Auto,Georgia
POL000412,CUST00289,2024-02-02,Life,New York
POL000413,CUST00405,2026-05-15,Life,Georgia
POL000414,CUST00161,2025-10-11,Life,
POL000415,CUST00816,2023-06-26,Health,Illinois
POL000416,CUST00984,2024-11-14,Health,New York
POL000417,CUST00981,2023-06-10,Home,Texas
POL000418,CUST00127,2023-05-02,Life,Florida
POL000419,CUST00551,2026-01-24,Health,Arizona
POL000420,CUST00216,2022-06-22,Health,Texas
POL000421,CUST00217,2022-12-03,Home,Texas
POL000422,CUST00165,2023-01-31,Health,New York
POL000423,CUST00199,2022-10-12,Auto,
POL000424,CUST00872,2023-06-19,Life,Georgia
POL000425,CUST00661,2024-11-29,Auto,New York
POL000426,CUST00257,2022-06-22,Life,Texas
POL000427,CUST00975,2025-10-28,Home,Texas
POL000428,CUST00103,2026-02-25,Home,Texas
POL000429,CUST00326,2024-09-13,Health,New York
POL000430,CUST00711,2023-05-16,Health,Illinois
POL000431,CUST00828,2024-02-21,Home,Illinois
POL000432,CUST00005,2022-02-19,Home,Texas
POL000433,CUST00730,2024-02-05,Health,California
POL000434,CUST00861,2022-09-25,Health,Illinois
POL000435,CUST00899,2024-01-17,Health,Arizona
POL000436,CUST00794,2023-06-14,Auto,New York
POL000437,CUST00180,2026-01-31,Health,Illinois
POL000438,CUST00880,2023-07-10,Home,Ohio
POL000439,CUST00270,2023-01-11,Auto,Texas
POL000440,CUST00745,2026-06-09,Auto,Arizona
POL000441,CUST00833,2024-04-09,Home,Georgia
POL000442,CUST00929,2025-01-30,Life,Florida
POL000443,CUST00670,2024-06-28,Life,Texas
POL000444,CUST00229,2023-03-28,Health,New York
POL000445,CUST00138,2023-09-06,Auto,Illinois
POL000446,CUST00407,2026-06-26,Home,Florida
POL000447,CUST00869,2023-02-06,Home,California
POL000448,CUST00776,2024-01-16,Home,Arizona
POL000449,CUST00184,2023-05-16,Home,Ohio
POL000450,CUST00754,2024-07-13,Auto,Florida
POL000451,CUST00225,2025-03-30,Auto,Illinois
POL000452,CUST00271,2026-04-21,Home,
POL000453,CUST00531,2024-07-08,Life,Arizona
POL000454,CUST00481,2021-08-07,Auto,Georgia
POL000455,CUST00041,2024-09-22,Auto,Illinois
POL000456,CUST00721,2022-12-28,Health,California
POL000457,CUST00855,2023-04-19,Home,California
POL000458,CUST00386,2024-06-29,Auto,Ohio
POL000459,CUST00530,2025-04-17,Life,New York
POL000460,CUST00362,2024-08-10,Life,New York
POL000461,CUST00812,2023-02-26,Auto,California
POL000462,CUST00514,2024-01-29,Home,Georgia
POL000463,CUST00236,2022-12-08,Health,Texas
POL000464,CUST00217,2025-08-29,Health,Texas
POL000465,CUST00617,2025-11-17,Home,Florida
POL000466,CUST00425,2022-07-03,Auto,Illinois
POL000467,CUST00494,2023-11-09,Home,Illinois
POL000468,CUST00605,2021-11-14,Life,Georgia
POL000469,CUST00023,2025-10-29,Home,New York
POL000470,CUST00138,2026-04-28,Home,Illinois
POL000471,CUST00058,2025-07-14,Life,Ohio
POL000472,CUST00614,2022-12-20,Auto,Texas
POL000473,CUST00900,2022-10-31,Health,Arizona
POL000474,CUST00970,2024-01-10,Life,California
POL000475,CUST00889,2025-04-24,Life,California
POL000476,CUST00616,2023-04-11,Home,Illinois
POL000477,CUST00639,2025-01-22,Home,New York
POL000478,CUST00742,2024-01-01,Auto,Florida
POL000479,CUST00236,2025-10-20,Auto,Texas
POL000480,CUST00017,2021-09-21,Life,Georgia
POL000481,CUST00847,2026-01-01,Home,Florida
POL000482,CUST00488,2023-03-07,Auto,Florida
POL000483,CUST00899,2023-09-21,Auto,Arizona
POL000484,CUST00096,2025-10-24,Auto,New York
POL000485,CUST00919,2022-09-27,Life,Ohio
POL000486,CUST00535,2021-08-21,Auto,Ohio
POL000487,CUST00715,2025-04-04,Life,Florida
POL000488,CUST00809,2024-07-30,Auto,Illinois
POL000489,CUST00436,2023-11-13,Home,California
POL000490,CUST00932,2024-12-14,Life,Florida
POL000491,CUST00264,2022-07-26,Auto,Illinois
POL000492,CUST00592,2023-08-18,Auto,Florida
POL000493,CUST00385,2022-09-08,Health,Arizona
POL000494,CUST00419,2025-09-04,Life,Ohio
POL000495,CUST00668,2025-01-28,Life,Ohio
POL000496,CUST00579,2024-12-30,Life,Illinois
POL000497,CUST00774,2023-06-13,Life,Florida
POL000498,CUST00184,2023-06-07,Life,Ohio
POL000499,CUST00260,2023-04-21,Health,California
POL000500,CUST00793,2022-06-02,Home,Florida
POL000501,CUST00876,2025-11-16,Home,Texas
POL000502,CUST00458,2025-08-20,Auto,Ohio
POL000503,CUST00220,2022-02-19,Health,Georgia
POL000504,CUST00821,2022-08-20,Auto,Georgia
POL000505,CUST00165,2022-12-23,Auto,New York
POL000506,CUST00824,2025-09-23,Life,Georgia
POL000507,CUST00949,2026-01-18,Auto,Georgia
POL000508,CUST00270,2026-02-04,Auto,Texas
POL000509,CUST00742,2024-04-18,Health,Florida
POL000510,CUST00729,2026-03-22,Home,Arizona
POL000511,CUST00656,2026-06-26,Home,New York
POL000512,CUST00871,2022-01-13,Health,Georgia
POL000513,CUST00200,2023-03-08,Home,Florida
POL000514,CUST00630,2026-05-05,Health,Florida
POL000515,CUST00245,2025-08-29,Auto,Georgia
POL000516,CUST00283,2024-07-24,Life,Arizona
POL000517,CUST00416,2023-08-22,Auto,New York
POL000518,CUST00755,2026-01-14,Health,Ohio
POL000519,CUST00744,2023-04-11,Health,Illinois
POL000520,CUST00356,2024-12-28,Home,New York
POL000521,CUST00621,2023-12-29,Life,Arizona
POL000522,CUST00589,2024-04-05,Auto,Texas
POL000523,CUST00573,2024-11-22,Health,Arizona
POL000524,CUST00970,2023-08-31,Health,California
POL000525,CUST00898,2022-02-04,Health,Georgia
POL000526,CUST00711,2024-06-05,Life,Illinois
POL000527,CUST00789,2024-08-21,Life,Arizona
POL000528,CUST00698,2023-04-03,Auto,New York
POL000529,CUST00494,2026-03-01,Life,Illinois
POL000530,CUST00649,2025-04-22,Home,Georgia
POL000531,CUST00820,2024-07-24,Auto,Illinois
POL000532,CUST00718,2025-02-24,Health,California
POL000533,CUST00096,2022-05-06,Health,New York
POL000534,CUST00078,2025-07-17,Life,Florida
POL000535,CUST00322,2023-04-30,Health,Arizona
POL000536,CUST00188,2022-09-17,Home,Ohio
POL000537,CUST00511,2025-03-24,Home,Texas
POL000538,CUST00894,2025-04-04,Home,Illinois
POL000539,CUST00855,2023-01-28,Health,California
POL000540,CUST00160,2025-11-14,Auto,Florida
POL000541,CUST00693,2023-10-13,Auto,New York
POL000542,CUST00783,2026-04-22,Life,New York
POL000543,CUST00381,2023-10-13,Health,Ohio
POL000544,CUST00503,2022-04-04,Health,Texas
POL000545,CUST00408,2023-04-23,Home,Florida
POL000546,CUST00056,2024-03-03,Life,Florida
POL000547,CUST00963,2023-09-22,Health,Florida
POL000548,CUST00404,2022-03-11,Home,New York
POL000549,CUST00469,2022-08-17,Life,Ohio
POL000550,CUST00324,2026-06-23,Home,Arizona
POL000551,CUST00389,2024-09-19,Health,New York
POL000552,CUST00628,2025-06-29,Health,Florida
POL000553,CUST00243,2023-02-08,Health,Arizona
POL000554,CUST00375,2024-03-01,Home,Texas
POL000555,CUST00430,2024-06-15,Health,Texas
POL000556,CUST00875,2024-01-06,Home,Ohio
POL000557,CUST00586,2023-04-25,Home,Illinois
POL000558,CUST00834,2025-01-11,Home,Arizona
POL000559,CUST00569,2024-05-28,Home,Georgia
POL000560,CUST00150,2022-05-27,Home,Texas
POL000561,CUST00485,2025-07-21,Life,Georgia
POL000562,CUST00512,2021-10-12,Health,Illinois
POL000563,CUST00805,2025-02-19,Auto,Illinois
POL000564,CUST00408,2025-08-17,Auto,Florida
POL000565,CUST00221,2023-11-15,Auto,Georgia
POL000566,CUST00461,2025-01-31,Health,Texas
POL000567,CUST00369,2022-01-01,Health,Georgia
POL000568,CUST00353,2024-07-28,Home,California
POL000569,CUST00591,2022-11-26,Home,Illinois
POL000570,CUST00800,2024-09-20,Life,California
POL000571,CUST00794,2021-07-22,Auto,New York
POL000572,CUST00391,2023-12-11,Home,Ohio
POL000573,CUST00890,2022-01-05,Health,Ohio
POL000574,CUST00432,2023-05-04,Life,Georgia
POL000575,CUST00870,2026-02-05,Home,New York
POL000576,CUST00352,2024-10-07,Health,Arizona
POL000577,CUST00728,2022-12-05,Life,California
POL000578,CUST00278,2022-03-01,Health,Illinois
POL000579,CUST00766,2024-01-07,Life,Ohio
POL000580,CUST00172,2026-05-31,Home,Texas
POL000581,CUST00746,2025-02-17,Auto,Georgia
POL000582,CUST00216,2025-12-19,Auto,Texas
POL000583,CUST00066,2023-11-21,Auto,Georgia
POL000584,CUST00027,2023-08-09,Auto,Georgia
POL000585,CUST00107,2025-09-02,Auto,Arizona
POL000586,CUST00671,2024-05-10,Health,Arizona
POL000587,CUST00235,2024-12-13,Life,California
POL000588,CUST00642,2023-08-04,Home,Ohio
POL000589,CUST00030,2024-07-17,Health,Texas
POL000590,CUST00885,2021-08-29,Health,Arizona
POL000591,CUST00562,2022-08-19,Home,Georgia
POL000592,CUST00606,2023-01-02,Life,Illinois
POL000593,CUST00537,2023-07-20,Health,Florida
POL000594,CUST00931,2023-07-08,Home,Ohio
POL000595,CUST00825,2024-10-25,Health,Georgia
POL000596,CUST00423,2024-11-03,Auto,Illinois
POL000597,CUST00001,2022-04-17,Home,California
POL000598,CUST00353,2023-07-18,Auto,Texas
POL000599,CUST00705,2022-04-22,Life,Illinois
POL000600,CUST00307,2022-01-25,Health,New York
POL000601,CUST00612,2026-07-03,Health,Florida
POL000602,CUST00194,2023-05-26,Life,Ohio
POL000603,CUST00405,2022-07-14,Life,Georgia
POL000604,CUST00849,2025-01-25,Auto,Illinois
POL000605,CUST00433,2023-08-24,Health,Texas
POL000606,CUST00292,2023-07-24,Health,Arizona
POL000607,CUST00423,2026-02-27,Home,Illinois
POL000608,CUST00140,2022-12-21,Life,California
POL000609,CUST00633,2022-08-13,Life,Texas
POL000610,CUST00193,2025-09-09,Auto,Ohio
POL000611,CUST00993,2025-07-02,Auto,Ohio
POL000612,CUST00289,2022-07-14,Life,New York
POL000613,CUST00745,2025-09-12,Auto,California
POL000614,CUST00506,2024-03-09,Health,Arizona
POL000615,CUST00805,2024-06-17,Life,Illinois
POL000616,CUST00714,2024-09-09,Auto,Illinois
POL000617,CUST00864,2025-09-21,Auto,Ohio
POL000618,CUST00273,2026-02-21,Life,Texas
POL000619,CUST00186,2021-10-28,Health,Ohio
POL000620,CUST00837,2026-06-22,Auto,Ohio
POL000621,CUST00998,2025-02-23,Life,Arizona
POL000622,CUST00790,2025-02-26,Auto,New York
POL000623,CUST00204,2022-03-22,Auto,Illinois
POL000624,CUST00534,2025-05-17,Life,Arizona
POL000625,CUST00399,2024-10-16,Health,Illinois
POL000626,CUST00163,2026-04-22,Auto,Illinois
POL000627,CUST00260,2024-11-13,Home,California
POL000628,CUST00370,2021-09-13,Home,Florida
POL000629,CUST00997,2022-12-29,Life,Illinois
POL000630,CUST00333,2024-12-29,Auto,Arizona
POL000631,CUST00406,2026-06-29,Auto,California
POL000632,CUST00596,2023-11-17,Home,Texas
POL000633,CUST00381,2025-02-23,Home,Ohio
POL000634,CUST00512,2023-01-28,Health,Illinois
POL000635,CUST00954,2022-04-14,Auto,Arizona
POL000636,CUST00062,2025-09-05,Auto,Texas
POL000637,CUST00129,2024-10-07,Health,California
POL000638,CUST00825,2022-06-07,Home,Georgia
POL000639,CUST00022,2024-07-14,Home,Florida
POL000640,CUST00257,2023-10-28,Life,Texas
POL000641,CUST00573,2022-08-20,Life,Arizona
POL000642,CUST00195,2023-06-30,Health,Florida
POL000643,CUST00332,2024-12-31,Home,Arizona
POL000644,CUST00071,2024-01-09,Health,Texas
POL000645,CUST00840,2024-06-26,Life,Arizona
POL000646,CUST00001,2023-09-15,Life,California
POL000647,CUST00752,2026-06-09,Health,Illinois
POL000648,CUST00795,2024-09-29,Auto,Georgia
POL000649,CUST00675,2021-12-13,Life,New York
POL000650,CUST00195,2023-10-03,Home,Florida
POL000651,CUST00628,2024-03-30,Health,Florida
POL000652,CUST00114,2022-11-06,Auto,Arizona
POL000653,CUST00045,2025-10-25,Home,California
POL000654,CUST00895,2025-12-10,Life,Florida
POL000655,CUST00197,2023-05-05,Life,Ohio
POL000656,CUST00674,2023-01-17,Health,Georgia
POL000657,CUST00051,2023-02-23,Auto,Arizona
POL000658,CUST00014,2025-05-16,Life,Illinois
POL000659,CUST00951,2026-02-04,Life,Arizona
POL000660,CUST00821,2024-07-08,Life,Georgia
POL000661,CUST00842,2022-07-28,Auto,California
POL000662,CUST00844,2023-07-30,Auto,Illinois
POL000663,CUST00752,2024-11-02,Auto,Illinois
POL000664,CUST00968,2023-08-19,Auto,Ohio
POL000665,CUST00104,2023-07-25,Life,Illinois
POL000666,CUST00195,2022-11-10,Home,Florida
POL000667,CUST00584,2025-07-16,Life,Florida
POL000668,CUST00765,2022-12-18,Health,Arizona
POL000669,CUST00691,2022-10-24,Life,Florida
POL000670,CUST00905,2022-02-06,Home,Illinois
POL000671,CUST00564,2024-08-25,Home,Georgia
POL000672,CUST00547,2024-01-22,Health,Texas
POL000673,CUST00925,2024-09-21,Health,Ohio
POL000674,CUST00423,2024-02-17,Health,Illinois
POL000675,CUST00624,2023-06-26,Home,Ohio
POL000676,CUST00385,2022-05-15,Health,Arizona
POL000677,CUST00369,2024-01-13,Life,Georgia
POL000678,CUST00001,2024-12-12,Auto,California
POL000679,CUST00531,2021-07-20,Health,Arizona
POL000680,CUST00007,2025-04-19,Home,Ohio
POL000681,CUST00877,2022-03-20,Health,New York
POL000682,CUST00942,2023-06-04,Home,Arizona
POL000683,CUST00097,2024-07-19,Home,Texas
POL000684,CUST00142,2021-07-22,Home,California
POL000685,CUST00239,2024-11-09,Auto,Arizona
POL000686,CUST00585,2025-04-28,Auto,Georgia
POL000687,CUST00741,2023-11-02,Home,Texas
POL000688,CUST00500,2022-09-04,Auto,Arizona
POL000689,CUST00610,2026-05-02,Life,Arizona
POL000690,CUST00081,2022-03-22,Health,California
POL000691,CUST00357,2024-02-09,Life,Texas
POL000692,CUST00953,2021-08-31,Home,Texas
POL000693,CUST00766,2023-03-02,Auto,Ohio
POL000694,CUST00650,2024-05-25,Auto,Georgia
POL000695,CUST00313,2024-10-02,Home,Illinois
POL000696,CUST00335,2025-04-21,Home,Georgia
POL000697,CUST00052,2024-05-04,Life,Georgia
POL000698,CUST00771,2023-09-18,Auto,Georgia
POL000699,CUST00228,2022-02-18,Life,Texas
POL000700,CUST00152,2026-01-29,Life,Georgia
POL000701,CUST00586,2023-06-21,Life,Illinois
POL000702,CUST00269,2023-09-24,Life,Illinois
POL000703,CUST00793,2022-04-09,Home,Florida
POL000704,CUST00493,2023-10-22,Life,Arizona
POL000705,CUST00668,2023-05-25,Home,Ohio
POL000706,CUST00249,2022-03-10,Life,New York
POL000707,CUST00332,2023-04-25,Auto,Arizona
POL000708,CUST00116,2024-03-02,Health,Illinois
POL000709,CUST00357,2024-08-11,Auto,Texas
POL000710,CUST00789,2024-07-31,Life,Arizona
POL000711,CUST00639,2026-04-17,Home,New York
POL000712,CUST00205,2025-09-01,Auto,Arizona
POL000713,CUST00116,2025-03-07,Home,Illinois
POL000714,CUST00890,2024-12-05,Auto,Ohio
POL000715,CUST00352,2025-12-02,Health,Arizona
POL000716,CUST00461,2024-09-06,Home,Texas
POL000717,CUST00758,2025-05-26,Health,Georgia
POL000718,CUST00562,2022-06-14,Home,Georgia
POL000719,CUST00712,2026-06-10,Life,Georgia
POL000720,CUST00597,2023-08-04,Auto,Georgia
POL000721,CUST00262,2024-12-13,Home,Ohio
POL000722,CUST00809,2025-01-08,Auto,Illinois
POL000723,CUST00477,2026-06-30,Auto,Georgia
POL000724,CUST00398,2022-10-29,Health,Georgia
POL000725,CUST00886,2024-11-25,Life,Ohio
POL000726,CUST00237,2023-09-10,Auto,Arizona
POL000727,CUST00926,2021-09-06,Auto,Texas
POL000728,CUST00191,2023-12-23,Auto,Ohio
POL000729,CUST00041,2023-07-29,Health,Illinois
POL000730,CUST00342,2022-05-15,Home,Arizona
POL000731,CUST00019,2024-07-27,Health,Illinois
POL000732,CUST00641,2023-09-25,Health,Illinois
POL000733,CUST00832,2025-02-05,Life,Arizona
POL000734,CUST00912,2026-05-18,Health,California
POL000735,CUST00231,2024-05-04,Home,Arizona
POL000736,CUST00090,2023-08-16,Home,California
POL000737,CUST00428,2025-09-08,Life,New York
POL000738,CUST00994,2023-02-24,Health,Illinois
POL000739,CUST00460,2025-05-20,Home,Texas
POL000740,CUST00595,2022-01-21,Home,Illinois
POL000741,CUST00884,2022-09-06,Home,Texas
POL000742,CUST00441,2022-03-23,Home,
POL000743,CUST00672,2025-08-28,Health,Texas
POL000744,CUST00070,2022-07-05,Auto,Ohio
POL000745,CUST00189,2021-08-11,Home,Ohio
POL000746,CUST00745,2021-08-10,Life,Florida
POL000747,CUST00985,2024-01-22,Health,California
POL000748,CUST00156,2025-12-11,Home,Illinois
POL000749,CUST00190,2023-01-31,Health,Illinois
POL000750,CUST00621,2025-04-01,Home,Arizona
POL000751,CUST00237,2024-07-12,Auto,Arizona
POL000752,CUST00705,2025-10-16,Life,Illinois
POL000753,CUST00730,2025-07-06,Life,California
POL000754,CUST00504,2025-08-16,Home,Texas
POL000755,CUST00232,2022-04-04,Auto,Florida
POL000756,CUST00948,2024-03-24,Home,Texas
POL000757,CUST00761,2025-05-28,Home,Florida
POL000758,CUST00068,2024-01-30,Life,New York
POL000759,CUST00705,2023-12-23,Home,Illinois
POL000760,CUST00438,2026-04-23,Life,Ohio
POL000761,CUST00738,2023-02-11,Auto,Illinois
POL000762,CUST00534,2023-12-25,Auto,Arizona
POL000763,CUST00899,2023-08-20,Life,Arizona
POL000764,CUST00753,2024-05-15,Auto,New York
POL000765,CUST00195,2024-04-23,Health,Florida
POL000766,CUST00793,2023-12-16,Home,Florida
POL000767,CUST00433,2026-03-28,Home,Texas
POL000768,CUST00475,2024-01-04,Auto,Ohio
POL000769,CUST00740,2025-07-14,Home,Ohio
POL000770,CUST00403,2024-01-06,Auto,Texas
POL000771,CUST00184,2022-07-19,Home,Ohio
POL000772,CUST00904,2025-02-20,Health,Ohio
POL000773,CUST00709,2022-07-21,Home,Ohio
POL000774,CUST00736,2026-01-12,Auto,Arizona
POL000775,CUST00724,2024-07-04,Auto,Illinois
POL000776,CUST00537,2022-06-20,Home,Florida
POL000777,CUST00388,2026-04-19,Home,Arizona
POL000778,CUST00935,2021-08-28,Home,Texas
POL000779,CUST00167,2025-07-16,Auto,Ohio
POL000780,CUST00430,2022-06-13,Life,Texas
POL000781,CUST00296,2025-11-19,Home,Texas
POL000782,CUST00984,2023-01-19,Health,New York
POL000783,CUST00013,2021-09-30,Life,Texas
POL000784,CUST00557,2023-02-18,Life,California
POL000785,CUST00244,2022-11-05,Life,Georgia
POL000786,CUST00465,2026-02-05,Auto,New York
POL000787,CUST00251,2024-12-25,Home,Illinois
POL000788,CUST00051,2026-03-27,Health,Arizona
POL000789,CUST00038,2026-05-12,Health,Texas
POL000790,CUST00340,2026-04-08,Auto,New York
POL000791,CUST00427,2025-08-21,Health,New York
POL000792,CUST00626,2022-08-14,Home,Texas
POL000793,CUST00990,2023-04-19,Health,California
POL000794,CUST00954,2022-03-27,Health,Arizona
POL000795,CUST00331,2024-06-01,Auto,Arizona
POL000796,CUST00777,2023-06-16,Auto,Ohio
POL000797,CUST00300,2025-11-10,Health,Georgia
POL000798,CUST00338,2023-08-08,Home,California
POL000799,CUST00713,2026-03-20,Auto,Arizona
POL000800,CUST00586,2023-01-06,Auto,Illinois
POL000801,CUST00496,2023-02-25,Health,Illinois
POL000802,CUST00438,2024-10-07,Health,Ohio
POL000803,CUST00539,2023-01-18,Health,Georgia
POL000804,CUST00950,2023-05-22,Life,Arizona
POL000805,CUST00533,2023-10-02,Life,New York
POL000806,CUST00828,2023-02-15,Home,Illinois
POL000807,CUST00726,2025-06-16,Auto,New York
POL000808,CUST00122,2022-01-28,Auto,Ohio
POL000809,CUST00756,2022-01-22,Life,New York
POL000810,CUST00424,2024-07-31,Home,Ohio
POL000811,CUST00012,2022-09-03,Health,Texas
POL000812,CUST00261,2024-10-25,Health,Texas
POL000813,CUST00519,2022-03-30,Auto,Georgia
POL000814,CUST00117,2024-08-17,Life,Georgia
POL000815,CUST00742,2026-05-19,Home,Florida
POL000816,CUST00199,2024-08-24,Life,Florida
POL000817,CUST00939,2026-05-06,Home,Texas
POL000818,CUST00494,2023-12-17,Health,Illinois
POL000819,CUST00474,2024-03-22,Auto,Ohio
POL000820,CUST00856,2023-05-17,Health,Florida
POL000821,CUST00569,2025-05-17,Health,Georgia
POL000822,CUST00819,2022-01-30,Health,Ohio
POL000823,CUST00068,2024-12-20,Auto,New York
POL000824,CUST00348,2023-01-11,Home,Texas
POL000825,CUST00585,2025-06-29,Auto,Georgia
POL000826,CUST00886,2024-10-24,Health,Ohio
POL000827,CUST00727,2024-03-22,Auto,Florida
POL000828,CUST00509,2024-06-16,Life,Georgia
POL000829,CUST00850,2025-05-01,Health,Texas
POL000830,CUST00180,2022-02-21,Auto,Illinois
POL000831,CUST00797,2026-01-09,Life,New York
POL000832,CUST00519,2023-09-27,Home,New York
POL000833,CUST00195,2023-10-31,Health,Florida
POL000834,CUST00795,2022-03-25,Auto,Georgia
POL000835,CUST00842,2023-08-25,Home,California
POL000836,CUST00211,2023-12-20,Life,New York
POL000837,CUST00731,2025-11-22,Auto,Texas
POL000838,CUST00319,2022-09-09,Auto,Illinois
POL000839,CUST00342,2026-04-14,Auto,Arizona
POL000840,CUST00534,2022-05-13,Health,Arizona
POL000841,CUST00024,2024-10-16,Home,Texas
POL000842,CUST00329,2024-12-08,Health,Arizona
POL000843,CUST00546,2024-01-26,Auto,Georgia
POL000844,CUST00280,2025-01-03,Auto,Florida
POL000845,CUST00016,2023-05-28,Auto,Ohio
POL000846,CUST00212,2023-06-18,Health,Georgia
POL000847,CUST00278,2022-08-05,Health,Illinois
POL000848,CUST00588,2026-02-22,Health,Florida
POL000849,CUST00628,2023-07-06,Life,Florida
POL000850,CUST00052,2023-11-26,Auto,Georgia
POL000851,CUST00109,2026-01-22,Life,Texas
POL000852,CUST00402,2023-03-15,Life,New York
POL000853,CUST00632,2024-09-05,Home,Georgia
POL000854,CUST00731,2022-01-02,Auto,Texas
POL000855,CUST00998,2022-04-04,Life,Arizona
POL000856,CUST00582,2021-12-26,Life,Georgia
POL000857,CUST00100,2022-09-15,Life,Ohio
POL000858,CUST00482,2025-04-15,Home,Florida
POL000859,CUST00882,2025-02-04,Health,Illinois
POL000860,CUST00402,2022-10-24,Health,New York
POL000861,CUST00808,2024-09-20,Life,Florida
POL000862,CUST00500,2023-11-17,Auto,
POL000863,CUST00360,2021-10-19,Home,Illinois
POL000864,CUST00290,2023-02-26,Home,Illinois
POL000865,CUST00521,2021-12-16,Auto,Georgia
POL000866,CUST00334,2026-02-22,Health,Texas
POL000867,CUST00546,2023-03-26,Life,Georgia
POL000868,CUST00245,2023-06-21,Home,Georgia
POL000869,CUST00998,2026-03-04,Health,Arizona
POL000870,CUST00214,2023-03-25,Life,California
POL000871,CUST00804,2023-05-13,Health,New York
POL000872,CUST00558,2025-07-28,Auto,Arizona
POL000873,CUST00758,2023-04-29,Life,Georgia
POL000874,CUST00118,2023-12-12,Health,Illinois
POL000875,CUST00569,2024-01-18,Home,Georgia
POL000876,CUST00316,2026-02-25,Auto,Florida
POL000877,CUST00702,2022-03-21,Life,Illinois
POL000878,CUST00336,2022-11-03,Auto,Texas
POL000879,CUST00093,2025-10-06,Auto,Texas
POL000880,CUST00776,2025-09-15,Life,Arizona
POL000881,CUST00545,2023-02-03,Life,California
POL000882,CUST00201,2021-08-16,Health,Ohio
POL000883,CUST00307,2022-09-25,Health,Illinois
POL000884,CUST00941,2024-02-08,Health,Florida
POL000885,CUST00092,2023-02-11,Life,Florida
POL000886,CUST00868,2024-11-22,Auto,Texas
POL000887,CUST00379,2026-03-31,Auto,California
POL000888,CUST00721,2024-07-12,Auto,California
POL000889,CUST00882,2026-05-15,Home,Illinois
POL000890,CUST00443,2024-05-01,Health,Georgia
POL000891,CUST00729,2024-05-27,Life,Arizona
POL000892,CUST00559,2025-07-27,Life,Arizona
POL000893,CUST00143,2024-05-21,Health,Georgia
POL000894,CUST00861,2024-12-04,Home,Illinois
POL000895,CUST00138,2026-06-15,Home,Ohio
POL000896,CUST00739,2022-11-08,Life,Florida
POL000897,CUST00999,2026-01-25,Home,California
POL000898,CUST00658,2021-09-20,Life,Arizona
POL000899,CUST00916,2023-02-26,Life,New York
POL000900,CUST00639,2023-09-08,Life,New York
POL000901,CUST00566,2024-05-21,Health,California
POL000902,CUST00232,2023-02-25,Auto,Florida
POL000903,CUST00592,2022-06-12,Home,Florida
POL000904,CUST00730,2024-03-28,Health,California
POL000905,CUST00035,2023-05-11,Life,Ohio
POL000906,CUST00722,2023-04-16,Life,Ohio
POL000907,CUST00985,2025-09-30,Health,California
POL000908,CUST00477,2023-08-11,Auto,Georgia
POL000909,CUST00252,2022-05-21,Auto,Illinois
POL000910,CUST00701,2022-01-25,Health,Georgia
POL000911,CUST00628,2024-08-13,Auto,Florida
POL000912,CUST00481,2023-11-30,Health,Georgia
POL000913,CUST00432,2022-01-25,Health,Georgia
POL000914,CUST00297,2022-08-24,Health,Georgia
POL000915,CUST00745,2025-01-30,Auto,Arizona
POL000916,CUST00645,2025-08-05,Auto,Arizona
POL000917,CUST00673,2022-01-03,Auto,Ohio
POL000918,CUST00294,2025-10-31,Auto,Texas
POL000919,CUST00872,2025-02-16,Home,Georgia
POL000920,CUST00631,2021-09-25,Health,Florida
POL000921,CUST00015,2023-02-27,Home,Arizona
POL000922,CUST00932,2025-09-11,Life,Florida
POL000923,CUST00379,2025-01-28,Home,California
POL000924,CUST00497,2023-08-02,Auto,California
POL000925,CUST00352,2025-09-23,Home,Arizona
POL000926,CUST00858,2024-03-24,Life,Texas
POL000927,CUST00244,2022-06-22,Home,Georgia
POL000928,CUST00216,2021-10-27,Health,Texas
POL000929,CUST00056,2022-04-22,Auto,Florida
POL000930,CUST00054,2024-04-22,Life,Texas
POL000931,CUST00309,2022-04-29,Home,Florida
POL000932,CUST00389,2024-05-10,Life,New York
POL000933,CUST00269,2021-08-30,Life,Illinois
POL000934,CUST00013,2022-01-27,Life,Texas
POL000935,CUST00392,2023-07-28,Auto,Ohio
POL000936,CUST00100,2022-12-20,Health,Ohio
POL000937,CUST00980,2023-02-13,Health,Arizona
POL000938,CUST00344,2022-01-16,Auto,California
POL000939,CUST00262,2024-05-07,Life,Ohio
POL000940,CUST00792,2025-03-09,Home,New York
POL000941,CUST00533,2022-09-03,Home,New York
POL000942,CUST00321,2022-10-09,Auto,Arizona
POL000943,CUST00852,2024-03-27,Auto,New York
POL000944,CUST00538,2024-01-16,Health,California
POL000945,CUST00225,2025-02-17,Home,Illinois
POL000946,CUST00035,2026-03-23,Home,California
POL000947,CUST00974,2025-11-10,Auto,Arizona
POL000948,CUST00089,2025-10-24,Life,Illinois
POL000949,CUST00673,2022-11-29,Home,Ohio
POL000950,CUST00918,2025-07-05,Health,Texas
POL000951,CUST00302,2026-02-12,Life,California
POL000952,CUST00945,2022-03-25,Life,Arizona
POL000953,CUST00709,2022-03-24,Health,Ohio
POL000954,CUST00264,2026-02-16,Health,Illinois
POL000955,CUST00796,2024-05-13,Health,Florida
POL000956,CUST00062,2021-12-26,Health,Texas
POL000957,CUST00183,2023-10-14,Home,Florida
POL000958,CUST00625,2022-12-04,Life,Texas
POL000959,CUST00112,2022-03-26,Life,New York
POL000960,CUST00224,2025-12-12,Life,Florida
POL000961,CUST00733,2026-05-07,Auto,Arizona
POL000962,CUST00073,2025-02-19,Life,Arizona
POL000963,CUST00020,2025-09-16,Auto,Texas
POL000964,CUST00956,2024-05-09,Health,Florida
POL000965,CUST00156,2024-05-07,Auto,Illinois
POL000966,CUST00528,2022-03-22,Life,Florida
POL000967,CUST00490,2021-10-23,Auto,Arizona
POL000968,CUST00554,2024-05-21,Life,New York
POL000969,CUST00125,2024-07-12,Health,New York
POL000970,CUST00699,2026-03-26,Auto,Arizona
POL000971,CUST00375,2024-08-20,Auto,Texas
POL000972,CUST00862,2022-03-31,Health,Florida
POL000973,CUST00664,2023-06-08,Auto,Illinois
POL000974,CUST00991,2025-06-21,Health,Florida
POL000975,CUST00713,2025-12-11,Health,Arizona
POL000976,CUST00499,2022-12-30,Life,Ohio
POL000977,CUST00753,2026-05-05,Home,New York
POL000978,CUST00026,2023-03-21,Home,Ohio
POL000979,CUST00501,2022-02-05,Health,Georgia
POL000980,CUST00512,2021-11-12,Life,Illinois
POL000981,CUST00990,2026-05-03,Health,California
POL000982,CUST00058,2022-07-02,Auto,Ohio
POL000983,CUST00416,2022-01-07,Life,New York
POL000984,CUST00963,2021-08-22,Home,Florida
POL000985,CUST00759,2026-02-20,Auto,California
POL000986,CUST00754,2022-11-16,Auto,Florida
POL000987,CUST00483,2023-01-28,Auto,Texas
POL000988,CUST00249,2025-10-23,Auto,New York
POL000989,CUST00177,2024-10-26,Auto,Arizona
POL000990,CUST00468,2021-11-10,Auto,Ohio
POL000991,CUST00838,2025-11-26,Life,Texas
POL000992,CUST00610,2025-04-22,Auto,Arizona
POL000993,CUST00824,2024-08-26,Life,Georgia
POL000994,CUST00333,2022-09-15,Home,Ohio
POL000995,CUST00330,2022-02-04,Home,Georgia
POL000996,CUST00783,2025-07-27,Health,New York
POL000997,CUST00065,2025-10-01,Life,New York
POL000998,CUST00173,2023-06-10,Home,Arizona
POL000999,CUST00450,2023-04-13,Auto,Ohio
POL001000,CUST00137,2021-10-16,Life,Illinois
POL001001,CUST00797,2021-08-11,Life,New York
POL001002,CUST00083,2026-01-16,Health,Texas
POL001003,CUST00427,2022-02-06,Life,New York
POL001004,CUST00709,2025-09-27,Health,Ohio
POL001005,CUST00536,2025-03-15,Home,Ohio
POL001006,CUST00626,2023-03-14,Home,Texas
POL001007,CUST00735,2026-01-18,Health,Texas
POL001008,CUST00357,2023-06-01,Home,Texas
POL001009,CUST00197,2023-07-28,Auto,Ohio
POL001010,CUST00634,2022-04-11,Home,Illinois
POL001011,CUST00476,2022-11-05,Home,Florida
POL001012,CUST00284,2025-11-29,Home,Illinois
POL001013,CUST00702,2023-11-19,Life,Illinois
POL001014,CUST00181,2026-04-20,Auto,Illinois
POL001015,CUST00661,2025-05-14,Life,New York
POL001016,CUST00258,2022-01-11,Life,Illinois
POL001017,CUST00045,2026-04-01,Home,California
POL001018,CUST00162,2023-10-28,Auto,Texas
POL001019,CUST00073,2022-07-01,Life,Arizona
POL001020,CUST00607,2024-03-11,Home,California
POL001021,CUST00766,2024-09-18,Home,Ohio
POL001022,CUST00798,2025-04-07,Auto,Illinois
POL001023,CUST00243,2021-08-31,Home,Arizona
POL001024,CUST00385,2026-02-17,Life,Arizona
POL001025,CUST00600,2021-07-20,Life,New York
POL001026,CUST00149,2023-02-15,Life,Georgia
POL001027,CUST00183,2025-10-11,Life,Florida
POL001028,CUST00738,2024-07-13,Health,Illinois
POL001029,CUST00208,2026-05-13,Auto,New York
POL001030,CUST00288,2021-10-07,Life,Illinois
POL001031,CUST00470,2022-04-12,Health,Georgia
POL001032,CUST00226,2023-02-27,Home,Arizona
POL001033,CUST00809,2023-02-11,Home,Illinois
POL001034,CUST00592,2021-09-30,Home,Florida
POL001035,CUST00089,2023-08-14,Life,Illinois
POL001036,CUST00883,2023-03-24,Life,Illinois
POL001037,CUST00858,2026-06-18,Life,Texas
POL001038,CUST00754,2025-02-25,Health,Florida
POL001039,CUST00445,2023-03-24,Home,New York
POL001040,CUST00936,2026-07-07,Life,Georgia
POL001041,CUST00046,2023-11-27,Auto,Florida
POL001042,CUST00436,2023-11-09,Auto,California
POL001043,CUST00464,2026-01-28,Auto,California
POL001044,CUST00710,2025-04-27,Home,Florida
POL001045,CUST00368,2022-11-29,Auto,Florida
POL001046,CUST00017,2024-10-31,Home,Georgia
POL001047,CUST00721,2023-05-06,Auto,California
POL001048,CUST01000,2022-03-20,Home,Arizona
POL001049,CUST00896,2025-07-04,Health,Ohio
POL001050,CUST00642,2022-12-28,Auto,Ohio
POL001051,CUST00882,2024-05-20,Health,Illinois
POL001052,CUST00544,2024-02-26,Health,Georgia
POL001053,CUST00715,2023-07-03,Home,Florida
POL001054,CUST00807,2023-01-24,Health,Ohio
POL001055,CUST00754,2023-08-28,Health,Florida
POL001056,CUST00910,2024-05-24,Health,Ohio
POL001057,CUST00477,2024-06-29,Health,Georgia
POL001058,CUST00180,2022-08-04,Auto,Illinois
POL001059,CUST00575,2025-05-24,Home,California
POL001060,CUST00343,2025-11-27,Life,California
POL001061,CUST00756,2023-04-16,Home,New York
POL001062,CUST00772,2025-04-12,Health,California
POL001063,CUST00362,2023-09-20,Life,New York
POL001064,CUST00284,2024-06-14,Health,
POL001065,CUST00464,2023-08-04,Auto,California
POL001066,CUST00482,2022-09-27,Health,Florida
POL001067,CUST00463,2022-01-21,Auto,Ohio
POL001068,CUST00193,2023-12-23,Auto,Ohio
POL001069,CUST00083,2025-07-16,Health,Florida
POL001070,CUST00982,2025-12-06,Home,New York
POL001071,CUST00283,2025-09-17,Life,Arizona
POL001072,CUST00155,2023-08-16,Auto,Illinois
POL001073,CUST00301,2022-09-19,Home,Texas
POL001074,CUST00486,2024-01-20,Auto,New York
POL001075,CUST00299,2026-06-02,Home,California
POL001076,CUST00855,2022-12-05,Health,California
POL001077,CUST00422,2022-11-13,Health,Florida
POL001078,CUST00498,2022-08-20,Life,Illinois
POL001079,CUST00469,2025-10-20,Health,Ohio
POL001080,CUST00176,2025-04-09,Life,Florida
POL001081,CUST00381,2022-03-24,Auto,Ohio
POL001082,CUST00152,2023-12-27,Home,Georgia
POL001083,CUST00634,2022-07-21,Health,Illinois
POL001084,CUST00187,2021-11-02,Home,Ohio
POL001085,CUST00166,2026-04-24,Health,Arizona
POL001086,CUST00589,2025-01-30,Health,Georgia
POL001087,CUST00189,2022-07-30,Auto,Ohio
POL001088,CUST00682,2024-08-12,Home,Georgia
POL001089,CUST00382,2025-08-19,Health,Texas
POL001090,CUST00125,2024-04-10,Life,New York
POL001091,CUST00787,2023-12-22,Health,California
POL001092,CUST00160,2023-06-25,Health,Ohio
POL001093,CUST00663,2023-11-20,Health,Arizona
POL001094,CUST00993,2023-04-30,Home,Ohio
POL001095,CUST00819,2024-01-24,Health,Ohio
POL001096,CUST00706,2023-11-10,Auto,Arizona
POL001097,CUST00143,2025-11-20,Health,Georgia
POL001098,CUST00026,2021-10-29,Home,Ohio
POL001099,CUST00457,2024-09-17,Auto,Texas
POL001100,CUST00623,2023-04-10,Home,Ohio
POL001101,CUST00801,2024-12-25,Home,Georgia
POL001102,CUST00024,2021-10-12,Life,Texas
POL001103,CUST00694,2026-01-20,Life,Georgia
POL001104,CUST00200,2023-02-28,Auto,Florida
POL001105,CUST00931,2024-04-24,Home,Ohio
POL001106,CUST00734,2024-06-20,Life,Arizona
POL001107,CUST00382,2024-07-28,Health,New York
POL001108,CUST00457,2026-01-19,Home,Texas
POL001109,CUST00746,2022-05-21,Life,Georgia
POL001110,CUST00823,2025-08-16,Life,Arizona
POL001111,CUST00747,2025-10-05,Auto,Illinois
POL001112,CUST00148,2023-11-18,Health,Georgia
POL001113,CUST00068,2023-03-26,Life,New York
POL001114,CUST00091,2025-01-04,Life,Ohio
POL001115,CUST00180,2022-07-24,Home,Illinois
POL001116,CUST00205,2024-05-27,Health,Arizona
POL001117,CUST00568,2021-12-05,Health,
POL001118,CUST00855,2023-10-10,Life,California
POL001119,CUST00230,2025-09-05,Health,California
POL001120,CUST00308,2021-11-12,Life,Texas
POL001121,CUST00128,2024-12-05,Life,Florida
POL001122,CUST00184,2022-09-08,Home,Ohio
POL001123,CUST00030,2024-12-27,Life,Texas
POL001124,CUST00994,2022-05-13,Health,Illinois
POL001125,CUST00596,2024-02-05,Health,Texas
POL001126,CUST00644,2022-08-26,Auto,Florida
POL001127,CUST00383,2023-04-26,Auto,Arizona
POL001128,CUST00866,2023-04-13,Auto,Ohio
POL001129,CUST00150,2021-08-14,Home,Texas
POL001130,CUST00366,2025-01-05,Health,Illinois
POL001131,CUST00430,2024-07-18,Auto,Texas
POL001132,CUST00297,2022-12-17,Auto,Georgia
POL001133,CUST00527,2023-01-08,Home,Florida
POL001134,CUST00784,2022-04-28,Home,Georgia
POL001135,CUST00557,2024-10-08,Health,California
POL001136,CUST00278,2022-09-07,Health,Illinois
POL001137,CUST00099,2024-07-27,Home,Georgia
POL001138,CUST00014,2024-12-18,Health,Illinois
POL001139,CUST00798,2024-08-20,Home,Illinois
POL001140,CUST00105,2023-09-21,Home,Texas
POL001141,CUST00852,2023-05-30,Auto,New York
POL001142,CUST00428,2026-02-11,Auto,New York
POL001143,CUST00839,2026-06-12,Life,California
POL001144,CUST00357,2024-07-05,Home,Texas
POL001145,CUST00837,2023-03-12,Health,Ohio
POL001146,CUST00177,2026-05-20,Auto,Arizona
POL001147,CUST00228,2022-08-26,Home,Texas
POL001148,CUST00705,2025-11-03,Home,Illinois
POL001149,CUST00134,2024-02-28,Auto,Arizona
POL001150,CUST00080,2022-04-18,Life,New York
POL001151,CUST00044,2026-05-11,Auto,Ohio
POL001152,CUST00481,2025-02-14,Auto,Georgia
POL001153,CUST00068,2026-06-26,Auto,New York
POL001154,CUST00802,2023-03-03,Home,Ohio
POL001155,CUST00602,2025-07-04,Health,Florida
POL001156,CUST00030,2021-10-19,Health,Texas
POL001157,CUST00972,2024-07-26,Home,New York
POL001158,CUST00876,2022-06-16,Home,Texas
POL001159,CUST00518,2025-12-27,Auto,Texas
POL001160,CUST00542,2025-06-20,Health,Florida
POL001161,CUST00176,2023-07-13,Auto,Florida
POL001162,CUST00997,2025-05-05,Life,Illinois
POL001163,CUST00376,2025-07-03,Life,Florida
POL001164,CUST00690,2025-07-12,Health,Florida
POL001165,CUST00389,2023-08-29,Home,New York
POL001166,CUST00418,2024-10-12,Auto,California
POL001167,CUST00478,2025-10-12,Life,Texas
POL001168,CUST00781,2024-12-04,Auto,California
POL001169,CUST00085,2025-11-23,Life,California
POL001170,CUST00291,2022-06-01,Health,Florida
POL001171,CUST00704,2024-01-20,Home,Illinois
POL001172,CUST00568,2021-09-30,Life,Georgia
POL001173,CUST00194,2021-10-29,Life,Ohio
POL001174,CUST00962,2025-07-15,Auto,Florida
POL001175,CUST00691,2025-12-14,Life,Florida
POL001176,CUST00449,2022-10-01,Auto,California
POL001177,CUST00123,2024-04-18,Auto,California
POL001178,CUST00760,2025-08-06,Auto,New York
POL001179,CUST00373,2024-08-23,Home,Illinois
POL001180,CUST00610,2024-04-11,Auto,Arizona
POL001181,CUST00239,2022-06-23,Life,Arizona
POL001182,CUST00286,2022-04-01,Health,Arizona
POL001183,CUST00775,2022-12-07,Life,Ohio
POL001184,CUST00365,2023-02-28,Life,Texas
POL001185,CUST00497,2025-09-19,Life,California
POL001186,CUST00111,2023-10-19,Life,Florida
POL001187,CUST00237,2025-10-15,Auto,Arizona
POL001188,CUST00102,2021-11-20,Auto,California
POL001189,CUST00511,2025-07-16,Life,Texas
POL001190,CUST00620,2025-09-08,Health,California
POL001191,CUST00637,2022-04-13,Auto,California
POL001192,CUST00677,2022-03-29,Life,California
POL001193,CUST00812,2024-11-23,Life,California
POL001194,CUST00503,2023-07-03,Health,Texas
POL001195,CUST00829,2023-06-24,Auto,Georgia
POL001196,CUST00976,2024-02-17,Auto,Illinois
POL001197,CUST00393,2021-10-05,Life,Arizona
POL001198,CUST00454,2026-05-11,Home,Georgia
POL001199,CUST00571,2022-03-04,Health,Georgia
POL001200,CUST00906,2023-10-15,Life,Arizona
POL001201,CUST00138,2024-05-12,Life,Illinois
POL001202,CUST00783,2022-10-04,Life,New York
POL001203,CUST00676,2023-07-09,Life,Ohio
POL001204,CUST00488,2025-08-31,Auto,Florida
POL001205,CUST00401,2023-03-25,Life,California
POL001206,CUST00632,2022-03-31,Health,Georgia
POL001207,CUST00329,2023-03-26,Auto,Arizona
POL001208,CUST00132,2024-08-02,Auto,Ohio
POL001209,CUST00784,2024-08-18,Life,Georgia
POL001210,CUST00100,2024-07-16,Life,Ohio
POL001211,CUST00360,2025-03-04,Home,Illinois
POL001212,CUST00241,2023-03-22,Auto,Ohio
POL001213,CUST00933,2021-09-02,Health,Georgia
POL001214,CUST00118,2026-06-07,Health,Illinois
POL001215,CUST00039,2021-09-13,Life,Ohio
POL001216,CUST00582,2024-03-07,Health,Georgia
POL001217,CUST00021,2023-03-31,Auto,Arizona
POL001218,CUST00325,2024-05-09,Health,New York
POL001219,CUST00587,2023-10-21,Auto,Ohio
POL001220,CUST00708,2024-08-28,Life,Illinois
POL001221,CUST00515,2022-10-20,Health,Florida
POL001222,CUST00171,2024-07-03,Life,Arizona
POL001223,CUST00207,2021-10-16,Auto,California
POL001224,CUST00861,2025-05-05,Health,Illinois
POL001225,CUST00272,2023-04-30,Life,Florida
POL001226,CUST00824,2022-05-18,Auto,Georgia
POL001227,CUST00735,2026-01-04,Health,Texas
POL001228,CUST00280,2022-01-19,Life,Florida
POL001229,CUST00438,2022-01-30,Auto,Ohio
POL001230,CUST00668,2023-09-18,Health,Ohio
POL001231,CUST00444,2024-10-14,Home,Texas
POL001232,CUST00425,2023-01-15,Life,Illinois
POL001233,CUST00688,2025-07-13,Auto,Illinois
POL001234,CUST00643,2021-09-15,Home,Texas
POL001235,CUST00591,2022-11-02,Life,Illinois
POL001236,CUST00275,2023-07-22,Life,Illinois
POL001237,CUST00958,2023-01-11,Auto,Florida
POL001238,CUST00535,2023-12-13,Home,Ohio
POL001239,CUST00247,2022-09-13,Health,New York
POL001240,CUST00865,2024-10-03,Auto,Florida
POL001241,CUST00650,2024-03-25,Health,Georgia
POL001242,CUST00844,2025-08-23,Health,Illinois
POL001243,CUST00704,2024-04-07,Home,Illinois
POL001244,CUST00117,2026-05-22,Home,Georgia
POL001245,CUST00817,2023-12-10,Life,New York
POL001246,CUST00574,2024-03-05,Auto,Florida
POL001247,CUST00207,2025-10-11,Auto,California
POL001248,CUST00265,2024-12-26,Home,Texas
POL001249,CUST00660,2022-06-29,Life,Ohio
POL001250,CUST00802,2026-01-27,Health,Arizona
POL001251,CUST00617,2026-03-09,Life,Florida
POL001252,CUST00919,2022-11-09,Auto,Ohio
POL001253,CUST00407,2022-06-25,Home,Florida
POL001254,CUST00242,2022-06-04,Auto,Illinois
POL001255,CUST00535,2023-04-16,Health,Ohio
POL001256,CUST00509,2025-03-17,Auto,Georgia
POL001257,CUST00792,2024-09-11,Life,New York
POL001258,CUST00826,2025-03-21,Life,New York
POL001259,CUST00224,2025-07-24,Home,Florida
POL001260,CUST00994,2024-04-02,Health,Illinois
POL001261,CUST00884,2023-10-17,Health,Texas
POL001262,CUST00717,2024-10-07,Life,New York
POL001263,CUST00487,2024-12-26,Home,Illinois
POL001264,CUST00372,2024-06-24,Health,Illinois
POL001265,CUST00022,2023-02-23,Auto,Florida
POL001266,CUST00862,2022-01-23,Auto,Florida
POL001267,CUST00708,2022-10-11,Home,Illinois
POL001268,CUST00260,2024-10-22,Health,California
POL001269,CUST00925,2025-11-10,Home,Ohio
POL001270,CUST00879,2026-07-01,Life,Ohio
POL001271,CUST00950,2025-02-09,Health,Arizona
POL001272,CUST00093,2022-04-20,Home,Texas
POL001273,CUST00305,2021-07-20,Home,
POL001274,CUST00938,2024-10-06,Life,California
POL001275,CUST00809,2021-09-07,Auto,Illinois
POL001276,CUST00843,2023-10-15,Life,California
POL001277,CUST00755,2021-10-29,Health,Ohio
POL001278,CUST00735,2021-12-11,Auto,Texas
POL001279,CUST00845,2025-01-29,Auto,California
POL001280,CUST00361,2022-06-15,Health,Arizona
POL001281,CUST00465,2022-04-09,Auto,New York
POL001282,CUST00657,2023-01-04,Life,Arizona
POL001283,CUST00811,2026-07-11,Life,Texas
POL001284,CUST00205,2024-10-13,Auto,Arizona
POL001285,CUST00114,2023-08-25,Home,Arizona
POL001286,CUST00868,2024-03-29,Health,Texas
POL001287,CUST00463,2022-06-03,Home,Ohio
POL001288,CUST00267,2023-03-21,Health,Ohio
POL001289,CUST00819,2026-01-26,Life,Ohio
POL001290,CUST00377,2021-08-18,Life,Ohio
POL001291,CUST00968,2023-05-06,Home,Ohio
POL001292,CUST00022,2023-05-31,Home,Florida
POL001293,CUST00929,2023-12-13,Home,Florida
POL001294,CUST00269,2025-08-06,Auto,Illinois
POL001295,CUST00411,2023-03-06,Health,California
POL001296,CUST00153,2024-06-24,Home,Florida
POL001297,CUST00970,2026-06-19,Life,California
POL001298,CUST00792,2023-12-31,Life,New York
POL001299,CUST00122,2025-05-27,Home,Florida
POL001300,CUST00969,2022-02-27,Health,Arizona
POL001301,CUST00295,2024-05-26,Home,Ohio
POL001302,CUST00442,2023-03-07,Home,New York
POL001303,CUST00844,2022-09-30,Home,Illinois
POL001304,CUST00429,2022-02-06,Home,Arizona
POL001305,CUST00030,2025-01-27,Home,Texas
POL001306,CUST00633,2025-02-24,Health,Texas
POL001307,CUST00597,2023-12-22,Auto,Georgia
POL001308,CUST00011,2021-08-28,Health,New York
POL001309,CUST00998,2022-09-10,Home,Arizona
POL001310,CUST00731,2024-03-03,Health,Texas
POL001311,CUST00075,2026-03-19,Auto,Georgia
POL001312,CUST00341,2023-11-26,Health,Ohio
POL001313,CUST00621,2022-01-16,Auto,Arizona
POL001314,CUST00006,2023-01-25,Life,California
POL001315,CUST00310,2022-10-12,Health,Ohio
POL001316,CUST00136,2023-05-29,Auto,New York
POL001317,CUST00595,2025-08-04,Life,Illinois
POL001318,CUST00953,2023-12-02,Home,Texas
POL001319,CUST00092,2023-07-27,Life,Florida
POL001320,CUST00146,2024-10-14,Auto,Illinois
POL001321,CUST00131,2021-11-11,Health,Illinois
POL001322,CUST00766,2024-02-18,Health,Ohio
POL001323,CUST00925,2023-02-08,Health,Ohio
POL001324,CUST00530,2025-08-14,Health,New York
POL001325,CUST00755,2022-04-05,Home,Ohio
POL001326,CUST00570,2022-11-09,Life,Georgia
POL001327,CUST00055,2026-03-28,Home,Texas
POL001328,CUST00188,2025-01-31,Home,Ohio
POL001329,CUST00723,2025-11-22,Life,Arizona
POL001330,CUST00042,2022-07-26,Life,Texas
POL001331,CUST00469,2021-10-19,Home,Ohio
POL001332,CUST00127,2025-05-26,Health,Florida
POL001333,CUST00185,2022-05-04,Health,New York
POL001334,CUST00577,2023-04-05,Home,California
POL001335,CUST00598,2026-07-09,Home,California
POL001336,CUST00427,2025-02-28,Life,New York
POL001337,CUST00694,2024-09-12,Auto,Georgia
POL001338,CUST00292,2022-09-23,Auto,Arizona
POL001339,CUST00404,2025-12-12,Health,New York
POL001340,CUST00158,2021-11-19,Life,New York
POL001341,CUST00465,2025-01-12,Auto,New York
POL001342,CUST00338,2022-11-12,Life,California
POL001343,CUST00333,2022-06-05,Home,Ohio
POL001344,CUST00217,2022-01-18,Health,Texas
POL001345,CUST00331,2022-05-16,Auto,Arizona
POL001346,CUST00561,2024-05-27,Auto,Illinois
POL001347,CUST00409,2025-03-13,Life,Florida
POL001348,CUST00092,2025-08-18,Life,Texas
POL001349,CUST00799,2022-11-30,Home,Ohio
POL001350,CUST00124,2022-01-19,Life,California
POL001351,CUST00754,2024-10-20,Home,Florida
POL001352,CUST00368,2021-11-16,Health,Florida
POL001353,CUST00525,2024-01-17,Life,California
POL001354,CUST00488,2023-03-06,Life,Florida
POL001355,CUST00093,2021-12-30,Health,Texas
POL001356,CUST00629,2023-01-03,Life,California
POL001357,CUST00096,2024-08-17,Life,New York
POL001358,CUST00693,2022-09-11,Home,New York
POL001359,CUST00954,2023-01-05,Auto,Arizona
POL001360,CUST00298,2026-02-05,Life,Illinois
POL001361,CUST00308,2025-10-29,Health,Texas
POL001362,CUST00862,2024-02-23,Health,Florida
POL001363,CUST00583,2026-02-11,Auto,Arizona
POL001364,CUST00526,2024-02-28,Life,Florida
POL001365,CUST00097,2022-07-03,Health,Texas
POL001366,CUST00364,2026-01-31,Auto,Illinois
POL001367,CUST00117,2023-12-13,Home,Georgia
POL001368,CUST00806,2024-05-04,Auto,Arizona
POL001369,CUST00086,2022-08-05,Health,
POL001370,CUST00322,2023-12-29,Life,Arizona
POL001371,CUST00639,2024-08-17,Home,New York
POL001372,CUST00217,2022-05-10,Health,Texas
POL001373,CUST00893,2024-02-10,Auto,Florida
POL001374,CUST00006,2026-06-20,Home,California
POL001375,CUST00672,2022-08-31,Life,Texas
POL001376,CUST00890,2022-05-15,Life,Ohio
POL001377,CUST00311,2023-01-31,Health,Texas
POL001378,CUST00708,2022-09-03,Life,Illinois
POL001379,CUST00824,2025-11-03,Home,Georgia
POL001380,CUST00015,2021-12-19,Auto,Arizona
POL001381,CUST00713,2021-09-22,Auto,Arizona
POL001382,CUST00215,2025-09-23,Home,Ohio
POL001383,CUST00447,2021-09-24,Home,California
POL001384,CUST00089,2023-12-11,Home,Illinois
POL001385,CUST00486,2025-11-21,Home,New York
POL001386,CUST00925,2022-08-09,Life,Ohio
POL001387,CUST00987,2026-06-07,Life,Georgia
POL001388,CUST00600,2024-11-21,Life,New York
POL001389,CUST00053,2025-12-19,Life,New York
POL001390,CUST00426,2022-05-30,Health,Ohio
POL001391,CUST00038,2023-10-26,Life,Texas
POL001392,CUST00238,2023-08-01,Auto,Arizona
POL001393,CUST00433,2023-06-10,Auto,Texas
POL001394,CUST00275,2024-03-15,Life,Illinois
POL001395,CUST00120,2022-12-02,Health,Texas
POL001396,CUST00460,2026-06-05,Home,Texas
POL001397,CUST00295,2023-11-29,Health,Ohio
POL001398,CUST00449,2025-04-24,Health,California
POL001399,CUST00944,2021-10-26,Life,Ohio
POL001400,CUST00135,2022-06-28,Life,New York
POL001401,CUST00983,2022-10-08,Health,Ohio
POL001402,CUST00816,2021-10-22,Home,Illinois
POL001403,CUST00637,2022-09-02,Auto,California
POL001404,CUST00684,2025-07-28,Home,Arizona
POL001405,CUST00161,2025-12-23,Life,Illinois
POL001406,CUST00966,2024-11-03,Home,Florida
POL001407,CUST00215,2026-06-10,Health,Ohio
POL001408,CUST00903,2022-09-30,Home,Georgia
POL001409,CUST00179,2023-09-20,Auto,Arizona
POL001410,CUST00827,2024-02-17,Auto,California
POL001411,CUST00633,2023-05-24,Home,Texas
POL001412,CUST00499,2024-08-20,Health,Ohio
POL001413,CUST00788,2021-08-15,Health,Texas
POL001414,CUST00918,2022-09-03,Auto,Texas
POL001415,CUST00724,2024-02-02,Life,Illinois
POL001416,CUST00986,2025-12-02,Auto,Illinois
POL001417,CUST00801,2022-02-27,Auto,Georgia
POL001418,CUST00844,2023-09-13,Auto,Illinois
POL001419,CUST00172,2021-08-29,Home,Texas
POL001420,CUST00933,2022-06-17,Health,Georgia
POL001421,CUST00726,2023-09-15,Life,New York
POL001422,CUST00751,2025-09-05,Health,Illinois
POL001423,CUST00343,2025-11-08,Home,California
POL001424,CUST00450,2022-03-25,Auto,Ohio
POL001425,CUST00252,2023-11-20,Health,Illinois
POL001426,CUST00294,2026-01-24,Health,Texas
POL001427,CUST00382,2024-03-20,Health,Texas
POL001428,CUST00645,2025-09-10,Life,Arizona
POL001429,CUST00807,2022-01-17,Life,Ohio
POL001430,CUST00424,2023-12-21,Health,Ohio
POL001431,CUST00967,2022-03-23,Auto,Texas
POL001432,CUST00735,2026-02-25,Auto,Texas
POL001433,CUST00347,2022-03-19,Home,Florida
POL001434,CUST00445,2022-04-15,Auto,New York
POL001435,CUST00677,2025-09-11,Auto,California
POL001436,CUST00647,2022-01-23,Health,Georgia
POL001437,CUST00430,2022-09-22,Health,Texas
POL001438,CUST00739,2024-08-12,Auto,Florida
POL001439,CUST00847,2023-08-02,Home,Florida
POL001440,CUST00718,2022-12-07,Home,California
POL001441,CUST00909,2022-02-14,Life,Georgia
POL001442,CUST00715,2021-12-28,Life,Florida
POL001443,CUST00795,2024-11-07,Auto,Georgia
POL001444,CUST00038,2024-05-10,Home,Texas
POL001445,CUST00533,2024-12-13,Home,New York
POL001446,CUST00096,2024-10-16,Health,New York
POL001447,CUST00776,2026-05-31,Auto,Arizona
POL001448,CUST00912,2023-03-22,Health,California
POL001449,CUST00248,2024-11-02,Life,Georgia
POL001450,CUST00518,2026-03-17,Health,Texas
POL001451,CUST00266,2024-07-22,Auto,New York
POL001452,CUST00049,2025-11-04,Life,Florida
POL001453,CUST00306,2026-07-07,Life,New York
POL001454,CUST00348,2022-01-10,Home,Texas
POL001455,CUST00359,2022-10-21,Home,Illinois
POL001456,CUST00732,2022-05-29,Home,Arizona
POL001457,CUST00108,2023-04-12,Home,California
POL001458,CUST00843,2023-12-30,Auto,California
POL001459,CUST00151,2021-11-24,Life,Illinois
POL001460,CUST00084,2024-02-28,Home,Arizona
POL001461,CUST00488,2026-02-08,Health,Florida
POL001462,CUST00694,2023-03-31,Life,Georgia
POL001463,CUST00893,2023-09-30,Life,Florida
POL001464,CUST00451,2023-10-19,Life,California
POL001465,CUST00844,2023-09-16,Home,Illinois
POL001466,CUST00497,2025-10-26,Auto,California
POL001467,CUST00712,2023-11-21,Auto,Georgia
POL001468,CUST00765,2023-05-30,Health,Arizona
POL001469,CUST00944,2023-03-03,Life,Ohio
POL001470,CUST00113,2023-05-04,Health,New York
POL001471,CUST00042,2025-11-18,Health,Texas
POL001472,CUST00313,2024-11-03,Health,Illinois
POL001473,CUST00498,2025-09-29,Life,Texas
POL001474,CUST00050,2024-10-31,Health,California
POL001475,CUST00221,2022-05-25,Life,Georgia
POL001476,CUST00003,2024-08-02,Auto,Texas
POL001477,CUST00892,2023-11-05,Health,Florida
POL001478,CUST00580,2024-08-25,Life,Illinois
POL001479,CUST00487,2021-11-13,Home,Illinois
POL001480,CUST00781,2022-12-22,Life,California
POL001481,CUST00780,2024-01-10,Home,New York
POL001482,CUST00888,2026-01-16,Life,Georgia
POL001483,CUST00397,2024-04-29,Health,Texas
POL001484,CUST00554,2022-10-13,Life,New York
POL001485,CUST00754,2026-01-17,Home,Florida
POL001486,CUST00725,2022-01-29,Health,Ohio
POL001487,CUST00575,2022-12-07,Auto,California
POL001488,CUST00198,2023-07-04,Auto,Texas
POL001489,CUST00981,2025-06-25,Life,Texas
POL001490,CUST00515,2025-11-13,Home,Florida
POL001491,CUST00986,2025-05-22,Home,Arizona
POL001492,CUST00850,2021-07-26,Life,Texas
POL001493,CUST00087,2023-02-21,Health,Arizona
POL001494,CUST00412,2023-10-15,Auto,California
POL001495,CUST00349,2024-03-20,Auto,New York
POL001496,CUST00881,2024-05-26,Health,Texas
POL001497,CUST00094,2025-12-26,Home,Texas
POL001498,CUST00293,2025-02-09,Auto,Ohio
POL001499,CUST00158,2024-04-04,Home,Arizona
POL001500,CUST00061,2024-09-19,Home,Texas
